{
	"Record": [
		{
			"Sns": {
				"Message": {
                    "BabelProductID": 12233,
                    "Brand": "Photobox",
                    "Locale": "en_GB",
                    "Currency": "GBP",
                    "Channel": 1,
                    "lowestPrice": {
                        "pricePerPage": {
                            "price": "0.00",
                            "price_html": "&#xa3;0.00",
                            "price_marketing_html": "0p",
                            "price_money": "GBP 0.00"
                        },
                        "now": "£9.99",
                        "options": [],
                        "was": "£9.99",
                        "price": "9.99",
                        "optionPrice": "0",
                        "wasPrice": "9.99",
                        "fromPrice": "9.99",
                        "expiry": "",
                        "min": "1",
                        "volumePrices": [
                            {
                            "pricePerPage": {
                                "price": "0.00",
                                "price_html": "&#xa3;0.00",
                                "price_marketing_html": "0p",
                                "price_money": "GBP 0.00"
                            },
                            "options": [],
                            "now": "£9.99",
                            "was": "£9.99",
                            "price": "9.99",
                            "wasPrice": "9.99",
                            "fromPrice": "9.99",
                            "expiry": "",
                            "min": "1"
                            }
                        ]
                    }
				}
			}
		}
	]
}