{
    "Records": [
      {
        "cf": {
          "config": {
            "distributionDomainName": "d3chxhjbxu42qq.cloudfront.net",
            "distributionId": "E1A8TZIYF7CYS7",
            "eventType": "viewer-request",
            "requestId": "_9cQRY518jtM2_bl7CpffT3Lc-Z4-p7RANi5eTYeavYdEh7AQczRQw=="
          },
          "request": {
            "clientIp": "194.42.67.70",
            "headers": {
              "host": [
                {
                  "key": "Host",
                  "value": "shop-rctest.posterxxl.de"
                }
              ],
              "user-agent": [
                {
                  "key": "User-Agent",
                  "value": "Mozilla/5.0 (Macintosh; Intel Mac OS X 10_14_6) AppleWebKit/537.36 (KHTML, like Gecko) Chrome/77.0.3865.90 Safari/537.36"
                }
              ],
              "upgrade-insecure-requests": [
                {
                  "key": "upgrade-insecure-requests",
                  "value": "1"
                }
              ],
              "sec-fetch-mode": [
                {
                  "key": "sec-fetch-mode",
                  "value": "navigate"
                }
              ],
              "sec-fetch-user": [
                {
                  "key": "sec-fetch-user",
                  "value": "?1"
                }
              ],
              "accept": [
                {
                  "key": "accept",
                  "value": "text/html,application/xhtml+xml,application/xml;q=0.9,image/webp,image/apng,*/*;q=0.8,application/signed-exchange;v=b3"
                }
              ],
              "sec-fetch-site": [
                {
                  "key": "sec-fetch-site",
                  "value": "none"
                }
              ],
              "accept-encoding": [
                {
                  "key": "accept-encoding",
                  "value": "gzip, deflate, br"
                }
              ],
              "accept-language": [
                {
                  "key": "accept-language",
                  "value": "en-GB,en-US;q=0.9,en;q=0.8"
                }
              ],
              "cookie": [
                {
                  "key": "cookie",
                  "value": "_ga=GA1.2.1907241826.1552397661; scarab.visitor=%2289B2D4F9CDB3DED%22; cto_lwid=a50308be-e702-4c1d-abad-06d84473e143; _dcmn_p=1HrLY2lkPXViZms0MXlIdFYzR3M1MUdBdkk; __qca=P0-396082085-1552397661917; scarab.mayAdd=%5B%7B%22i%22%3A%22P32%22%7D%5D; scarab.profile=%22P32%7C1552397682%22; _gcl_au=1.1.1181204673.1564392258; et_uk=2d9d372b8d864b59aaf6632c3f63d071"
                }
              ]
            },
            "method": "POST",
            "querystring": null,
            "uri": "/foo/bar"
          }
        }
      }
    ]
  }