{
	"info": {
		"_postman_id": "81e585c0-22ee-413d-b147-f1d632e95547",
		"name": "Serverless Local",
		"schema": "https://schema.getpostman.com/json/collection/v2.1.0/collection.json"
	},
	"item": [
		{
			"name": "Get entity by id",
			"request": {
				"method": "GET",
				"header": [],
				"url": {
					"raw": "http://localhost:3001/entity/4ebde360-51d6-11ea-a690-1de443ee1ebd",
					"protocol": "http",
					"host": [
						"localhost"
					],
					"port": "3001",
					"path": [
						"entity",
						"4ebde360-51d6-11ea-a690-1de443ee1ebd"
					]
				}
			},
			"response": []
		},
		{
			"name": "Get entity all",
			"request": {
				"method": "GET",
				"header": [],
				"url": {
					"raw": "http://localhost:3001/entity",
					"protocol": "http",
					"host": [
						"localhost"
					],
					"port": "3001",
					"path": [
						"entity"
					]
				}
			},
			"response": []
		},
		{
			"name": "Create entity",
			"request": {
				"method": "POST",
				"header": [
					{
						"key": "Content-Type",
						"name": "Content-Type",
						"value": "application/json",
						"type": "text"
					}
				],
				"body": {
					"mode": "raw",
					"raw": "{\n\t\"text\" : \"This is the todo text\"\n}",
					"options": {
						"raw": {
							"language": "json"
						}
					}
				},
				"url": {
					"raw": "http://localhost:3001/entity",
					"protocol": "http",
					"host": [
						"localhost"
					],
					"port": "3001",
					"path": [
						"entity"
					]
				}
			},
			"response": []
		}
	],
	"protocolProfileBehavior": {}
}